,count,mean,median,std,min,max,iqr
evidence_score,60.0,2.2666666666666666,2.5,1.4598196622623234,0.0,4.0,3.0
