variable,H,df,p,epsilon_squared
score_technical,10.319084392866271,2,0.005744328858026487,0.14594884899765387
score_soft,7.957958680764478,2,0.018704720751394528,0.10452559089060488
score_job_readiness,10.101094276094273,2,0.006405827615245378,0.14212446098411005
score_industry_trend,5.944896285854034,2,0.05117786611094179,0.06920870676936901
